seller_id,bitcoin_address
0,1mcVDBsTe3YUfmQloq1bhN6oMhWNO
1,3QUT8H76dfweWixsT5sLwDw1jdED
2,1u0lDdSQAVu0zzqtsat2wOyKOy3k
3,3vGz7SWzjnurjnj7n9OxJtM1iVppXuY
4,1pgLfn0oxqxeiPrErlvl3td4luXETKnV
5,3aOGd9fuWwkSkRwwQlRc1ORo04ia9Dz
6,1UqxB8RxCnXchQrFIYIGsEwOpD
7,39NIOE26a0pqUYOJzScUQJFHdWcoel
8,1Gyr4MH5m0AApVl7WeHLT14gFI
9,1tzhaMfZgEcj68WGsEbeDhSP6C
10,1AGAuPlcZfanZugetCoDKsGrzKFf
11,3r4RjwMNY5QxKna0PUxSx9NwAf
12,1pyMokcnWvqZgCD3DlH1wPXrDRpC
13,18ZsQ86p3LECcR4xV8wvAB22o9yP1
14,3xVTZA5Kzp5AfoZsXM3x6JHfVGKp
15,184E6xrj3dVeXLAOWFaWfgsnpq9OA
16,134uLlC1ELJam2QULE2MLWVnU0RNhyn
17,3nupyg9xAQj0Muig0Zsfd6D5Ge
18,39wk4UNo3Al89YlMzUNeuYOX4afts
19,18SCjdG9jAwdzk1ZO3Gozl4SqNx
20,1Raogfwc35mTTYO9EIF5ydL7HyXlnkKu
21,1RImL6RV4SjClUEWLbtzkyKmpFcvx3
23,3CNgBkZ0au28OpDSb1vrzA1HSp2OZpJ
24,1vnFTzs6igRsQMpO3TU6rs5h1G25NnkNH
25,3cgjH7Fzi3ztjWLQyMLkhTrNdcqTdoC
27,31ZnULnVBtsYrH1mBwWOWO69VHXk8UI8Xd
28,1DO1aFOnXD4NELfgQKCCyVKrm9B8Hul8ty
29,1Jcka1LahfaEttNALwqaQRWfT8a
30,3auNb692XpWzlwSe2rZ7QqV8ufjm737RpY
31,1x9eFxkpZrGhSLQCYibYLv7YszPhZX
32,3ZQTpS2Y91DHQlCC5qkDiH33mbFqY1qZLQ
36,16xSqmzNxRYxVjuqnJViW2Xjh5py
37,1JyaoAnAUoRmUGyYC4zrGuaAZSNfoU
39,1QGuvGwPc4fzdR7Bj1iJ15vZp2HXwJ1cOy
40,1MAWdlQ9ElgHwDOCJ3gFrcrRTf0x7W
42,1i8MgCwCsjcUF8IR6JFnXnBn4xI1oR0
45,3URtqdqlQr1c08u8J006Fl8JvC7zLn
46,3NWpGhQoxnaKUsx5O5gO3mcOgH
50,1mL8jn2Wql8wDdCbbxjvlJnhuENusk
51,18zWo8xaFqE2igTwDhVJ88OuJ8
55,1gaSsqlQ5yLUCUpIhX2FT0aN23aQWBND0
58,3LYFOc4iVI44JqR2WuWI4gXhSgkz9
60,1br7LPwEfSErE5lLQyGTvolKCzUH0
69,1s0zgaM2s7BGQ7EH4XG1R8NAMSo5DsQ2XM
70,3xqg7arv6F7Wf2bNVFPj4MQMrn
72,3U1IuL0SBo5ay9lsDybNo4G07oV7giepPx
75,1KI4uT56gwW0CdShFTWUyVea3rTuFd
76,1hFwMTuq9RplR1zd4UFLxz8kpl5wdct
77,3J7utvvSMVx5rLxHIrMEzFv7HhOjGA0R8t
79,1ynIj8B2x1rNgtNXdBV6CTe27mADGjr32
82,3U4TetPbTRXtatQowok61gzozLiCJFFg0j
85,3MWMPn1uElGdvc14BAM9wigcclgqh
87,1WwXpjFzGj59I9gV6Bc6oOTb8c
89,1YD4kj5QgDIF2NCtIvfRIQp74M6K8G
95,36OpAFAYBMemwwEzmaXCVhU5SnMbjBRv
97,1YHNYEy6VQRzJZpUMmtagV0OgZ2fII
98,3EF2yV9i0VtinIz9Fb1fB3c65DXh
100,3oqI0CHsS2SYyBm7VlGi5ThsRj78T
103,1NhBjhG8b9MP555IrLuWM9gVnv3
104,39izl2Cks1ieZDu6VspFtN9iobLhKaW
109,1q69OrqNepRb3acl5rLsAhnIjJ55ay7mf
112,3ghxYQmxKEtGGpqotettTJD1MGGa4QYX2V
113,3zWFEQfz3qBHnlJq7auaiwtgIqIxf
116,3F7ZLBdbnS02ruhLD6AY7ntNINfxcG2wqu
117,1WcpYJiScMYJ22W3QExpQ1OyAaJg1o
121,1yZLarp6aAG607KHkRDA5n8nh3X
122,3klJBy1mIJIr2SVsOt1q7xWSoc7LPEFC
124,3kvlTjP0y2UBmnGqnvmvSTokkG
127,1Ikp6GjgFfIzimbsLo7RfRNh8GDHlcQPJ
134,3hoNCpAlLhck3eoGK7AfmKD0oQFFu4P
137,1EiTkcYk4dncbhqSphkWL0W0Esqx
156,1RwoOmvOMNVBZBJdPJOxJhHsgB
165,1G0R9GSBmnMcoY7PN0eixkLHnTLtfrh
173,3dc7xGui1Wb9m144f52s7RQ75WwKJ9lSVs
186,3ILKcafm7Dm9RaKk1D04Ctu1ayrz5
192,3QOLcDbcSNYh6RhVLT4OnkWu2XpF2
195,1vU7erZQol2Bcd77WAivtyjAQkdNIdQq
205,3gSgxLtg8V5PTK4w8MMV6Hcf3N
218,1JVmNO7waIjrAs1Nctblp8ER0QMYX7l
220,3dMDEMvAr97hqbdUgstVclDKiKJ6V49
240,1oJRXa9bu80faZPNF7knnG1kerM
246,3aN4zW4DXty9AgKqUwSMo6PuB5yXnuZd
259,3W9RVt3h3Tym5hYd3gZGiuM1GZs
260,32C9L0NuDpnd9mpi0l64rfowO4i
291,1aFli14oeWlym06hZrpnj0QFHFrr
342,1PTCrOzI2LF60DgdgVGnQak4OWgfS9L
343,1tjLI9geC5FhDr3IcDhDRZqlWAOAGk
370,1EV19VezU9Y9uSXUwll8O6sGUqEq8KE
374,3YsMboklnHbKSvab3eBvPG2vFPP
376,3Q17aL8DYIjEnXLpZRwea0kGfePTHz
385,3PO1rZNkLwR2JZn0TzPSd7AudsNMdK
393,3AtwosIZmTEMrOuQDZxa7r88KUvcwVu
405,1IEO6BlEJnIuDbWW2mqK74lS4VMs90i
440,338gzSTv6CtnelXSqeiryh4v8qQPNT
473,1bmtBX3s2SMGVLpte60sTiLQ3O
630,3tfia8p77Cps18fFqDlgxSwV6BM
820,1XmkIK80wuWov75Svj54ESWpINOR06grCg
877,3flRhkw9VGj28EBS4TTG4lXRhGDsbf
955,3Kp54MhWNptTX0ralOcvRRmWVRz478phS
1193,3ozHutApmzQY85ALup0e2FNeU40
1784,3IiyaVKcXxg4HtgnfkOnYIWptfpM
2194,3cwIkwJZPCfiATYAWlUS3Pp5iU5ckMo
3338,1cXUKyT9ZMhtAdlnVRoJSPH1Oph7V0
